{"cameraMode":{"drawMode":0,"name":"Shaded","section":"Shading Mode"},"sceneLighting":true,"audioPlay":false,"sceneViewState":{"m_AlwaysRefresh":false,"showFog":true,"showSkybox":true,"showFlares":true,"showImageEffects":true,"showParticleSystems":true,"showVisualEffectGraphs":true,"m_FxEnabled":true},"in2DMode":false,"pivot":{"x":1.5214412212371827,"y":-1.7730607986450196,"z":6.3475189208984379},"rotation":{"x":0.44734886288642886,"y":-0.0067114210687577728,"z":0.0033585792407393457,"w":0.8943383693695068},"size":12.593374252319336,"orthographic":true}